﻿<RSAKeyValue><Modulus>pKX0LAtvmBQtis64dJyqLMnKR7ELEULPzq7mDqbjv1pVMFUdXWCnRZpXkZxf05Onv+OOC/bdSlvd3A7c/cSKx5GlXY5XeBQxcl9q+7Nc6AB6rvZkK1KCyOaiM79cRAWGbpnuPHA+Ox70M+eJzycGMKPYwuffQmyqVe3h39ORjLE=</Modulus><Exponent>AQAB</Exponent><P>s6q5Q7QAafKDc03fTvWKjJ9ejlLSxFwkYz5vXc4RFjFDPEsi6HkSBy8QNk7UyAE2K1iEFjH+VfOkxR01V5PejQ==</P><Q>6pm+o3gGRQXyruEWdSfX2MjTuyGXGsokkOaFbFU31kprkHrFfdyGQYO2AammiTeSSDiefJZP/GedpXRkr2K/tQ==</Q><DP>DbffZXf9ABnwR4GOp2zAI3SXt65DQZL3hExkHHl7fIJOa/AgvjdgVQQW7M6gGJVfGXgsvbUbglyUHCjaxdEYkQ==</DP><DQ>2ByRNV1XyTXVfav0WDA/8n/uLDChVhho3uK8fjNyoIEl3Y57Z5pCQw/mFloGA9mhc85UkUiWnlmFK+mw5q/9EQ==</DQ><InverseQ>gLW3CHLo/3WF0h/0ZXdjUzdKber8BEAd91zWVQ3PDDV3npuAKEp1k7YY9S3+CmwebREmORnMDaGYjJYFsT5+JQ==</InverseQ><D>PIBG0xB4tzdi7Mi9eww+dCrKS8HAwVz9o4MdQnEM6zm0aAg+vBtSG/91AiqmA8cUMyzY+4iBFFvhkIVdq1pXbBncl0bwbcC2SenubnfVrbCoAGxDxaAwc0uVvla503sGOiiXExp5A60bacTD8Dx2ODzVdRMPVi98szzjeGKQ4+E=</D></RSAKeyValue>