{"root":[{"assemblyName":"Coffee.UIParticle","nameSpace":"Coffee.UIParticleInternal","className":"UIExtraCallbacks","methodName":"InitializeOnLoad","loadTypes":1,"isUnityClass":false},{"assemblyName":"Coffee.UIParticle","nameSpace":"Coffee.UIExtensions","className":"UIParticleUpdater","methodName":"InitializeOnLoad","loadTypes":1,"isUnityClass":false},{"assemblyName":"Live2D.Cubism","nameSpace":"Live2D.Cubism.Core","className":"CubismModel","methodName":"RegisterCallbackFunction","loadTypes":0,"isUnityClass":false}]}
