﻿<RSAKeyValue><Modulus>k27iZkW/OyfaRfdt5HHdm3UY4Gx9Wqn/YyL8clCOL36UdSvnuXdsK6Nj5VzjQ3Iw9roEvvFwC4yhbgqMO9sOL5RD6uRGBZrfCasLfUKPljgYz3ATyVxCo+ElfilML7e6cWcpMtlp+BUFcbxT1Mqbm7tPIrfGzZfiwR7uRsEqlLE=</Modulus><Exponent>AQAB</Exponent><P>rzl2o8ho4DdzCQA/tV0Nr4iWw6vWMWqWEPXOFh5sWmEHPpva+PRUkG7CqRndl7DJ5mBj+2wcLFALn0uPCAHRVQ==</P><Q>12W4NvMkOT8m/KvSusNpY9kQL5K8G87JvJpJODT1FcXJ9bYfPo+EpEOjr1U3EzmCRCEtB+ThKqq6TUA+vVCl7Q==</Q><DP>YzWT2LO1vY1nkmcTqyoef45EXlFCmwQQJ1Yk8x0SmDFrmqU/28jqwEQV7wx4DFTKW6ejtEzHvscrbWuodg4haQ==</DP><DQ>jfXbcFPVJumpT1QLIc4Skp0H3uLNmWIzcVsaMLIuaTgfQBLVCs1Z9U0i/zahgskfQrm+zPobMJyvBqT19J3HjQ==</DQ><InverseQ>hYQ+3oROP8Pg17O99O5d+HQb8rnVnfyJ/3/XdIhEVq3Z8e8ClMNTRqJDwolULULfEgXH5MJTVETXsYqUneDTgg==</InverseQ><D>eCk5sK1L7MTQa5H8KOJ9AYTwn4kMqeY/1ebf5bOuDxuVl+IO3ORubyqd8oRAXeol6hE2aQGSlncp4uwJ24bwCazpBLCqAQlHuycHm6KjGrjr5r3HcTZ6ENf9PnVdr5I6yahmLSwWyDeAt5nVCJlMBFM6mHSCSRd9ewhXpc9tFqE=</D></RSAKeyValue>